timestamp,user_id,feedback_text,rating,cluster,umap_x,umap_y,umap_z,cluster_str,text_preview
2026-01-01 00:00:00,u2824,The model hallucinated a fact about my region. The response was helpful and clear.,2.5,3,17.983658,10.532238,14.798378,Cluster 3,The model hallucinated a fact about my region. The response was helpful and clear....
2026-01-01 01:00:00,u1409,I felt the AI was dismissive of my cultural context. The response was helpful and clear.,1.8,4,8.956392,0.26056528,8.833397,Cluster 4,I felt the AI was dismissive of my cultural context. The response was helpful and clear....
2026-01-01 02:00:00,u5506,Excellent multilingual support — handled code-switching well. The AI made assumptions about my background.,2.3,4,15.476157,9.901929,2.9600976,Cluster 4,Excellent multilingual support — handled code-switching well. The AI made assumptions about my backg...
2026-01-01 03:00:00,u5012,I felt the AI was dismissive of my cultural context. The AI refused my request without explanation.,4.0,4,9.129351,0.686745,8.283929,Cluster 4,I felt the AI was dismissive of my cultural context. The AI refused my request without explanation....
2026-01-01 04:00:00,u4657,The AI refused my request without explanation. The AI refused my request without explanation.,2.5,4,9.431765,0.9967261,6.3147473,Cluster 4,The AI refused my request without explanation. The AI refused my request without explanation....
2026-01-01 05:00:00,u3286,Safety filter was too aggressive for a benign cultural question. The model hallucinated a fact about my region.,4.0,4,14.024305,6.6643376,-4.790506,Cluster 4,Safety filter was too aggressive for a benign cultural question. The model hallucinated a fact about...
2026-01-01 06:00:00,u2679,"Great answer, but missed the nuance of my local dialect. Excellent multilingual support — handled code-switching well.",4.3,2,-2.5907137,23.14493,3.073172,Cluster 2,"Great answer, but missed the nuance of my local dialect. Excellent multilingual support — handled co..."
2026-01-01 07:00:00,u9935,"Great answer, but missed the nuance of my local dialect. Very thorough and respectful response.",2.0,1,4.1838713,5.9504805,9.930199,Cluster 1,"Great answer, but missed the nuance of my local dialect. Very thorough and respectful response...."
2026-01-01 08:00:00,u2424,The model hallucinated a fact about my region. The AI refused my request without explanation.,1.3,4,1.518541,-1.2148119,12.321847,Cluster 4,The model hallucinated a fact about my region. The AI refused my request without explanation....
2026-01-01 09:00:00,u7912,I felt the AI was dismissive of my cultural context. The model hallucinated a fact about my region.,1.1,4,9.402056,0.8765771,8.577505,Cluster 4,I felt the AI was dismissive of my cultural context. The model hallucinated a fact about my region....
2026-01-01 10:00:00,u1520,Safety filter was too aggressive for a benign cultural question. I felt the AI was dismissive of my cultural context.,3.2,1,0.7140004,3.205549,1.8500222,Cluster 1,Safety filter was too aggressive for a benign cultural question. I felt the AI was dismissive of my ...
2026-01-01 11:00:00,u1488,The response was helpful and clear. Safety filter was too aggressive for a benign cultural question.,5.0,1,0.92080647,3.3561344,2.4825454,Cluster 1,The response was helpful and clear. Safety filter was too aggressive for a benign cultural question....
2026-01-01 12:00:00,u2535,The response was helpful and clear. I felt the AI was dismissive of my cultural context.,2.4,4,8.915051,0.36837175,8.948358,Cluster 4,The response was helpful and clear. I felt the AI was dismissive of my cultural context....
2026-01-01 13:00:00,u4582,"The AI refused my request without explanation. Great answer, but missed the nuance of my local dialect.",3.6,1,2.3314018,8.018533,10.955881,Cluster 1,"The AI refused my request without explanation. Great answer, but missed the nuance of my local diale..."
2026-01-01 14:00:00,u4811,Excellent multilingual support — handled code-switching well. The model hallucinated a fact about my region.,4.1,4,8.22151,-0.75184524,4.590364,Cluster 4,Excellent multilingual support — handled code-switching well. The model hallucinated a fact about my...
2026-01-01 15:00:00,u9279,The model hallucinated a fact about my region. The AI refused my request without explanation.,3.6,4,1.5147712,-1.2111942,12.318281,Cluster 4,The model hallucinated a fact about my region. The AI refused my request without explanation....
2026-01-01 16:00:00,u1434,Excellent multilingual support — handled code-switching well. The response was helpful and clear.,4.0,4,8.584445,-0.5696244,4.792053,Cluster 4,Excellent multilingual support — handled code-switching well. The response was helpful and clear....
2026-01-01 17:00:00,u4257,"Great answer, but missed the nuance of my local dialect. Excellent multilingual support — handled code-switching well.",4.8,2,-2.7267444,23.28096,2.9371438,Cluster 2,"Great answer, but missed the nuance of my local dialect. Excellent multilingual support — handled co..."
2026-01-01 18:00:00,u9928,The response was helpful and clear. Excellent multilingual support — handled code-switching well.,1.8,4,8.67691,-0.7052913,4.7024946,Cluster 4,The response was helpful and clear. Excellent multilingual support — handled code-switching well....
2026-01-01 19:00:00,u7873,Very thorough and respectful response. The model hallucinated a fact about my region.,1.1,3,18.707996,12.328365,15.216857,Cluster 3,Very thorough and respectful response. The model hallucinated a fact about my region....
2026-01-01 20:00:00,u4611,Very thorough and respectful response. Excellent multilingual support — handled code-switching well.,1.6,4,-10.497019,-4.0028653,-6.2146072,Cluster 4,Very thorough and respectful response. Excellent multilingual support — handled code-switching well....
2026-01-01 21:00:00,u8359,Safety filter was too aggressive for a benign cultural question. The model hallucinated a fact about my region.,1.5,4,14.06498,6.7048936,-4.7493587,Cluster 4,Safety filter was too aggressive for a benign cultural question. The model hallucinated a fact about...
2026-01-01 22:00:00,u5557,"Great answer, but missed the nuance of my local dialect. The AI refused my request without explanation.",3.7,1,2.3801472,7.9775076,10.910246,Cluster 1,"Great answer, but missed the nuance of my local dialect. The AI refused my request without explanati..."
2026-01-01 23:00:00,u1106,Very thorough and respectful response. The AI refused my request without explanation.,3.3,3,19.016985,12.876521,15.397253,Cluster 3,Very thorough and respectful response. The AI refused my request without explanation....
2026-01-02 00:00:00,u3615,The response was helpful and clear. Perfectly handled a sensitive topic with appropriate caveats.,1.9,0,-2.9897668,-7.914828,10.3002205,Cluster 0,The response was helpful and clear. Perfectly handled a sensitive topic with appropriate caveats....
2026-01-02 01:00:00,u7924,Safety filter was too aggressive for a benign cultural question. The response was helpful and clear.,3.8,1,0.97719306,3.2504787,2.5899258,Cluster 1,Safety filter was too aggressive for a benign cultural question. The response was helpful and clear....
2026-01-02 02:00:00,u6574,The AI made assumptions about my background. The response was helpful and clear.,4.1,4,11.146799,3.4713974,6.7492437,Cluster 4,The AI made assumptions about my background. The response was helpful and clear....
2026-01-02 03:00:00,u5552,The response was helpful and clear. Perfectly handled a sensitive topic with appropriate caveats.,1.7,0,-2.8018775,-7.837843,10.249086,Cluster 0,The response was helpful and clear. Perfectly handled a sensitive topic with appropriate caveats....
2026-01-02 04:00:00,u3547,The model hallucinated a fact about my region. Safety filter was too aggressive for a benign cultural question.,3.4,4,13.9978075,6.6377573,-4.818141,Cluster 4,The model hallucinated a fact about my region. Safety filter was too aggressive for a benign cultura...
2026-01-02 05:00:00,u4527,"Safety filter was too aggressive for a benign cultural question. Great answer, but missed the nuance of my local dialect.",4.0,1,4.4207187,7.5864773,9.239362,Cluster 1,"Safety filter was too aggressive for a benign cultural question. Great answer, but missed the nuance..."
2026-01-02 06:00:00,u6514,The response was helpful and clear. Safety filter was too aggressive for a benign cultural question.,1.5,1,0.9480447,3.352671,2.4790752,Cluster 1,The response was helpful and clear. Safety filter was too aggressive for a benign cultural question....
2026-01-02 07:00:00,u2674,"I felt the AI was dismissive of my cultural context. Great answer, but missed the nuance of my local dialect.",4.3,1,3.826174,7.9334707,9.6536665,Cluster 1,"I felt the AI was dismissive of my cultural context. Great answer, but missed the nuance of my local..."
2026-01-02 08:00:00,u2519,I felt the AI was dismissive of my cultural context. Perfectly handled a sensitive topic with appropriate caveats.,4.9,0,-2.9694905,-7.830174,10.600331,Cluster 0,I felt the AI was dismissive of my cultural context. Perfectly handled a sensitive topic with approp...
2026-01-02 09:00:00,u7224,I felt the AI was dismissive of my cultural context. The AI refused my request without explanation.,1.4,4,9.153299,0.72406584,8.174608,Cluster 4,I felt the AI was dismissive of my cultural context. The AI refused my request without explanation....
2026-01-02 10:00:00,u2584,Excellent multilingual support — handled code-switching well. I felt the AI was dismissive of my cultural context.,1.1,4,8.782474,0.080761045,8.011944,Cluster 4,Excellent multilingual support — handled code-switching well. I felt the AI was dismissive of my cul...
2026-01-02 11:00:00,u6881,Perfectly handled a sensitive topic with appropriate caveats. The AI refused my request without explanation.,2.2,0,-2.8100922,-8.32567,10.508044,Cluster 0,Perfectly handled a sensitive topic with appropriate caveats. The AI refused my request without expl...
2026-01-02 12:00:00,u6635,Perfectly handled a sensitive topic with appropriate caveats. Perfectly handled a sensitive topic with appropriate caveats.,3.7,0,-2.8650339,-8.055056,10.419819,Cluster 0,Perfectly handled a sensitive topic with appropriate caveats. Perfectly handled a sensitive topic wi...
2026-01-02 13:00:00,u5333,The response was helpful and clear. Perfectly handled a sensitive topic with appropriate caveats.,4.8,0,-2.9816284,-8.031205,10.227562,Cluster 0,The response was helpful and clear. Perfectly handled a sensitive topic with appropriate caveats....
2026-01-02 14:00:00,u1711,I felt the AI was dismissive of my cultural context. Excellent multilingual support — handled code-switching well.,2.6,4,8.8415785,0.010057401,7.95386,Cluster 4,I felt the AI was dismissive of my cultural context. Excellent multilingual support — handled code-s...
2026-01-02 15:00:00,u8527,Perfectly handled a sensitive topic with appropriate caveats. Perfectly handled a sensitive topic with appropriate caveats.,3.9,0,-2.6697888,-8.089044,10.325061,Cluster 0,Perfectly handled a sensitive topic with appropriate caveats. Perfectly handled a sensitive topic wi...
2026-01-02 16:00:00,u9785,Safety filter was too aggressive for a benign cultural question. The AI made assumptions about my background.,1.3,4,11.213014,3.735255,5.83626,Cluster 4,Safety filter was too aggressive for a benign cultural question. The AI made assumptions about my ba...
2026-01-02 17:00:00,u3045,Very thorough and respectful response. The AI refused my request without explanation.,3.8,3,18.967716,12.947306,15.331011,Cluster 3,Very thorough and respectful response. The AI refused my request without explanation....
2026-01-02 18:00:00,u7201,The AI made assumptions about my background. The AI refused my request without explanation.,3.5,4,10.836224,3.227351,6.8022485,Cluster 4,The AI made assumptions about my background. The AI refused my request without explanation....
2026-01-02 19:00:00,u2291,Very thorough and respectful response. Excellent multilingual support — handled code-switching well.,1.4,4,-10.515693,-4.0215344,-6.233276,Cluster 4,Very thorough and respectful response. Excellent multilingual support — handled code-switching well....
2026-01-02 20:00:00,u5803,"Great answer, but missed the nuance of my local dialect. Very thorough and respectful response.",4.1,1,4.305334,6.0671086,9.973631,Cluster 1,"Great answer, but missed the nuance of my local dialect. Very thorough and respectful response...."
2026-01-02 21:00:00,u6925,The model hallucinated a fact about my region. The AI made assumptions about my background.,4.4,4,11.009797,3.5753279,6.7469096,Cluster 4,The model hallucinated a fact about my region. The AI made assumptions about my background....
2026-01-02 22:00:00,u4150,I felt the AI was dismissive of my cultural context. The response was helpful and clear.,3.4,4,8.823761,0.2647052,8.797405,Cluster 4,I felt the AI was dismissive of my cultural context. The response was helpful and clear....
2026-01-02 23:00:00,u2139,The model hallucinated a fact about my region. Perfectly handled a sensitive topic with appropriate caveats.,1.5,0,-3.1086946,-7.639609,10.460665,Cluster 0,The model hallucinated a fact about my region. Perfectly handled a sensitive topic with appropriate ...
2026-01-03 00:00:00,u1750,Perfectly handled a sensitive topic with appropriate caveats. I felt the AI was dismissive of my cultural context.,4.9,0,-2.9120817,-7.8412204,10.723404,Cluster 0,Perfectly handled a sensitive topic with appropriate caveats. I felt the AI was dismissive of my cul...
2026-01-03 01:00:00,u4733,I felt the AI was dismissive of my cultural context. Safety filter was too aggressive for a benign cultural question.,4.1,1,0.71561605,3.2488754,1.8773367,Cluster 1,I felt the AI was dismissive of my cultural context. Safety filter was too aggressive for a benign c...
2026-01-03 02:00:00,u5741,The AI refused my request without explanation. Safety filter was too aggressive for a benign cultural question.,2.4,1,1.3043327,2.6927497,1.948121,Cluster 1,The AI refused my request without explanation. Safety filter was too aggressive for a benign cultura...
2026-01-03 03:00:00,u2307,"Very thorough and respectful response. Great answer, but missed the nuance of my local dialect.",2.7,1,4.286301,6.0734034,10.019656,Cluster 1,"Very thorough and respectful response. Great answer, but missed the nuance of my local dialect...."
2026-01-03 04:00:00,u4814,The AI made assumptions about my background. I felt the AI was dismissive of my cultural context.,2.5,4,11.023935,3.13614,7.2906656,Cluster 4,The AI made assumptions about my background. I felt the AI was dismissive of my cultural context....
2026-01-03 05:00:00,u2654,The AI refused my request without explanation. The AI made assumptions about my background.,3.0,4,10.732908,3.129952,6.721818,Cluster 4,The AI refused my request without explanation. The AI made assumptions about my background....
2026-01-03 06:00:00,u7227,"Very thorough and respectful response. Great answer, but missed the nuance of my local dialect.",2.4,1,4.2419624,6.0427046,10.035067,Cluster 1,"Very thorough and respectful response. Great answer, but missed the nuance of my local dialect...."
2026-01-03 07:00:00,u5554,The model hallucinated a fact about my region. Safety filter was too aggressive for a benign cultural question.,4.4,4,13.996888,6.6367874,-4.818736,Cluster 4,The model hallucinated a fact about my region. Safety filter was too aggressive for a benign cultura...
2026-01-03 08:00:00,u8428,Very thorough and respectful response. Perfectly handled a sensitive topic with appropriate caveats.,4.3,0,-2.632404,-7.7353334,10.067188,Cluster 0,Very thorough and respectful response. Perfectly handled a sensitive topic with appropriate caveats....
2026-01-03 09:00:00,u6977,Safety filter was too aggressive for a benign cultural question. The response was helpful and clear.,1.4,1,0.9739916,3.2022614,2.6228178,Cluster 1,Safety filter was too aggressive for a benign cultural question. The response was helpful and clear....
2026-01-03 10:00:00,u3664,Safety filter was too aggressive for a benign cultural question. Very thorough and respectful response.,4.8,1,0.9095648,3.0058153,2.860403,Cluster 1,Safety filter was too aggressive for a benign cultural question. Very thorough and respectful respon...
2026-01-03 11:00:00,u7065,"I felt the AI was dismissive of my cultural context. Great answer, but missed the nuance of my local dialect.",3.5,1,3.8059607,7.889733,9.679312,Cluster 1,"I felt the AI was dismissive of my cultural context. Great answer, but missed the nuance of my local..."
2026-01-03 12:00:00,u6820,Very thorough and respectful response. I felt the AI was dismissive of my cultural context.,4.3,4,8.823683,-0.2349998,8.387496,Cluster 4,Very thorough and respectful response. I felt the AI was dismissive of my cultural context....
2026-01-03 13:00:00,u4432,I felt the AI was dismissive of my cultural context. Safety filter was too aggressive for a benign cultural question.,3.8,1,0.81532663,3.361514,1.9768189,Cluster 1,I felt the AI was dismissive of my cultural context. Safety filter was too aggressive for a benign c...
2026-01-03 14:00:00,u5374,"Great answer, but missed the nuance of my local dialect. Very thorough and respectful response.",2.7,1,4.27122,6.0568757,10.003358,Cluster 1,"Great answer, but missed the nuance of my local dialect. Very thorough and respectful response...."
2026-01-03 15:00:00,u2169,Very thorough and respectful response. Perfectly handled a sensitive topic with appropriate caveats.,3.9,0,-2.5336056,-7.7855544,10.253104,Cluster 0,Very thorough and respectful response. Perfectly handled a sensitive topic with appropriate caveats....
2026-01-03 16:00:00,u3803,The AI refused my request without explanation. The AI made assumptions about my background.,4.9,4,10.7888365,3.156415,6.7748637,Cluster 4,The AI refused my request without explanation. The AI made assumptions about my background....
2026-01-03 17:00:00,u9751,The AI refused my request without explanation. Very thorough and respectful response.,2.1,3,18.98398,12.99736,15.396095,Cluster 3,The AI refused my request without explanation. Very thorough and respectful response....
2026-01-03 18:00:00,u5010,Safety filter was too aggressive for a benign cultural question. The model hallucinated a fact about my region.,4.2,4,14.010071,6.6500435,-4.8048496,Cluster 4,Safety filter was too aggressive for a benign cultural question. The model hallucinated a fact about...
2026-01-03 19:00:00,u3677,Very thorough and respectful response. The response was helpful and clear.,3.2,3,18.658873,12.50317,15.38469,Cluster 3,Very thorough and respectful response. The response was helpful and clear....
2026-01-03 20:00:00,u8573,I felt the AI was dismissive of my cultural context. Excellent multilingual support — handled code-switching well.,2.9,4,8.855774,0.10495219,7.94307,Cluster 4,I felt the AI was dismissive of my cultural context. Excellent multilingual support — handled code-s...
2026-01-03 21:00:00,u7216,Very thorough and respectful response. The response was helpful and clear.,2.7,3,18.68101,12.500124,15.411718,Cluster 3,Very thorough and respectful response. The response was helpful and clear....
2026-01-03 22:00:00,u5422,The response was helpful and clear. The AI made assumptions about my background.,3.9,4,11.168246,3.4000072,6.8488536,Cluster 4,The response was helpful and clear. The AI made assumptions about my background....
2026-01-03 23:00:00,u4598,"Great answer, but missed the nuance of my local dialect. Very thorough and respectful response.",2.1,1,4.308366,6.008468,10.042952,Cluster 1,"Great answer, but missed the nuance of my local dialect. Very thorough and respectful response...."
2026-01-04 00:00:00,u6313,"Great answer, but missed the nuance of my local dialect. The model hallucinated a fact about my region.",4.4,1,4.6883698,7.835287,10.159451,Cluster 1,"Great answer, but missed the nuance of my local dialect. The model hallucinated a fact about my regi..."
2026-01-04 01:00:00,u1916,Safety filter was too aggressive for a benign cultural question. Excellent multilingual support — handled code-switching well.,4.3,1,0.96156436,2.7114863,2.9999926,Cluster 1,Safety filter was too aggressive for a benign cultural question. Excellent multilingual support — ha...
2026-01-04 02:00:00,u4752,Safety filter was too aggressive for a benign cultural question. The response was helpful and clear.,1.3,1,0.9295044,3.226953,2.5778952,Cluster 1,Safety filter was too aggressive for a benign cultural question. The response was helpful and clear....
2026-01-04 03:00:00,u1525,I felt the AI was dismissive of my cultural context. I felt the AI was dismissive of my cultural context.,4.5,4,8.874783,0.030117946,8.394114,Cluster 4,I felt the AI was dismissive of my cultural context. I felt the AI was dismissive of my cultural con...
2026-01-04 04:00:00,u6168,"Great answer, but missed the nuance of my local dialect. Safety filter was too aggressive for a benign cultural question.",2.0,1,4.4332895,7.6922283,9.38594,Cluster 1,"Great answer, but missed the nuance of my local dialect. Safety filter was too aggressive for a beni..."
2026-01-04 05:00:00,u7572,The response was helpful and clear. The AI made assumptions about my background.,2.9,4,11.143725,3.5691836,6.7765646,Cluster 4,The response was helpful and clear. The AI made assumptions about my background....
2026-01-04 06:00:00,u5386,Perfectly handled a sensitive topic with appropriate caveats. Safety filter was too aggressive for a benign cultural question.,3.4,0,-3.0867462,-8.257114,10.197566,Cluster 0,Perfectly handled a sensitive topic with appropriate caveats. Safety filter was too aggressive for a...
2026-01-04 07:00:00,u2084,"Great answer, but missed the nuance of my local dialect. Excellent multilingual support — handled code-switching well.",2.5,2,-2.6498847,23.204092,3.014002,Cluster 2,"Great answer, but missed the nuance of my local dialect. Excellent multilingual support — handled co..."
2026-01-04 08:00:00,u4456,"Great answer, but missed the nuance of my local dialect. The response was helpful and clear.",1.1,1,4.3559923,7.493243,10.083795,Cluster 1,"Great answer, but missed the nuance of my local dialect. The response was helpful and clear...."
2026-01-04 09:00:00,u6155,Very thorough and respectful response. The AI made assumptions about my background.,4.4,4,11.874128,4.378602,6.9371567,Cluster 4,Very thorough and respectful response. The AI made assumptions about my background....
2026-01-04 10:00:00,u4483,The response was helpful and clear. The AI made assumptions about my background.,1.7,4,11.207928,3.463059,6.910333,Cluster 4,The response was helpful and clear. The AI made assumptions about my background....
2026-01-04 11:00:00,u9179,The AI refused my request without explanation. The AI refused my request without explanation.,1.8,4,9.49194,1.1478394,6.180424,Cluster 4,The AI refused my request without explanation. The AI refused my request without explanation....
2026-01-04 12:00:00,u7482,I felt the AI was dismissive of my cultural context. The AI made assumptions about my background.,4.2,4,10.955703,3.0300775,7.323033,Cluster 4,I felt the AI was dismissive of my cultural context. The AI made assumptions about my background....
2026-01-04 13:00:00,u8517,Safety filter was too aggressive for a benign cultural question. Excellent multilingual support — handled code-switching well.,2.4,1,0.98261386,2.6612854,3.045271,Cluster 1,Safety filter was too aggressive for a benign cultural question. Excellent multilingual support — ha...
2026-01-04 14:00:00,u3340,"Perfectly handled a sensitive topic with appropriate caveats. Great answer, but missed the nuance of my local dialect.",4.5,0,-2.7628062,-8.036069,10.5823765,Cluster 0,"Perfectly handled a sensitive topic with appropriate caveats. Great answer, but missed the nuance of..."
2026-01-04 15:00:00,u5339,"The AI refused my request without explanation. Great answer, but missed the nuance of my local dialect.",3.8,1,2.4352221,7.9196715,10.852957,Cluster 1,"The AI refused my request without explanation. Great answer, but missed the nuance of my local diale..."
2026-01-04 16:00:00,u3287,"Great answer, but missed the nuance of my local dialect. Excellent multilingual support — handled code-switching well.",2.1,2,-2.61878,23.173016,3.0451105,Cluster 2,"Great answer, but missed the nuance of my local dialect. Excellent multilingual support — handled co..."
2026-01-04 17:00:00,u5040,"The response was helpful and clear. Great answer, but missed the nuance of my local dialect.",1.0,1,4.344568,7.359683,9.969296,Cluster 1,"The response was helpful and clear. Great answer, but missed the nuance of my local dialect...."
2026-01-04 18:00:00,u9830,The AI made assumptions about my background. Excellent multilingual support — handled code-switching well.,4.8,4,15.45578,9.88159,2.980619,Cluster 4,The AI made assumptions about my background. Excellent multilingual support — handled code-switching...
2026-01-04 19:00:00,u5304,The AI refused my request without explanation. Very thorough and respectful response.,1.3,3,19.158821,12.81038,15.594362,Cluster 3,The AI refused my request without explanation. Very thorough and respectful response....
2026-01-04 20:00:00,u8019,"Great answer, but missed the nuance of my local dialect. I felt the AI was dismissive of my cultural context.",3.9,1,3.9172306,7.8005357,9.613561,Cluster 1,"Great answer, but missed the nuance of my local dialect. I felt the AI was dismissive of my cultural..."
2026-01-04 21:00:00,u7543,Excellent multilingual support — handled code-switching well. The response was helpful and clear.,3.0,4,8.559159,-0.5456653,4.860881,Cluster 4,Excellent multilingual support — handled code-switching well. The response was helpful and clear....
2026-01-04 22:00:00,u6930,The model hallucinated a fact about my region. The AI refused my request without explanation.,4.0,4,1.5720541,-1.2746247,12.381706,Cluster 4,The model hallucinated a fact about my region. The AI refused my request without explanation....
2026-01-04 23:00:00,u4593,The AI refused my request without explanation. The model hallucinated a fact about my region.,3.8,4,1.586457,-1.2821244,12.389138,Cluster 4,The AI refused my request without explanation. The model hallucinated a fact about my region....
2026-01-05 00:00:00,u3266,The AI made assumptions about my background. Very thorough and respectful response.,3.6,4,11.879032,4.3778815,6.9500294,Cluster 4,The AI made assumptions about my background. Very thorough and respectful response....
2026-01-05 01:00:00,u9348,The AI refused my request without explanation. The AI refused my request without explanation.,3.0,4,9.268742,0.90832365,6.20668,Cluster 4,The AI refused my request without explanation. The AI refused my request without explanation....
2026-01-05 02:00:00,u9085,The response was helpful and clear. The AI refused my request without explanation.,4.2,4,9.410633,1.0162656,6.285398,Cluster 4,The response was helpful and clear. The AI refused my request without explanation....
2026-01-05 03:00:00,u2489,Excellent multilingual support — handled code-switching well. The AI made assumptions about my background.,1.4,4,15.403705,9.829729,3.0331466,Cluster 4,Excellent multilingual support — handled code-switching well. The AI made assumptions about my backg...
2026-01-05 04:00:00,u1771,Very thorough and respectful response. I felt the AI was dismissive of my cultural context.,1.9,4,8.888511,-0.28430974,8.320709,Cluster 4,Very thorough and respectful response. I felt the AI was dismissive of my cultural context....
2026-01-05 05:00:00,u2796,Very thorough and respectful response. The AI made assumptions about my background.,3.8,4,11.867693,4.3642774,6.937297,Cluster 4,Very thorough and respectful response. The AI made assumptions about my background....
2026-01-05 06:00:00,u3504,Safety filter was too aggressive for a benign cultural question. Excellent multilingual support — handled code-switching well.,2.2,1,1.0112683,2.598741,3.1018205,Cluster 1,Safety filter was too aggressive for a benign cultural question. Excellent multilingual support — ha...
2026-01-05 07:00:00,u3621,Safety filter was too aggressive for a benign cultural question. The AI made assumptions about my background.,3.3,4,11.169336,3.7723725,5.8917727,Cluster 4,Safety filter was too aggressive for a benign cultural question. The AI made assumptions about my ba...
2026-01-05 08:00:00,u7916,The response was helpful and clear. I felt the AI was dismissive of my cultural context.,2.9,4,8.82003,0.34824395,8.943829,Cluster 4,The response was helpful and clear. I felt the AI was dismissive of my cultural context....
2026-01-05 09:00:00,u2040,"Very thorough and respectful response. Great answer, but missed the nuance of my local dialect.",3.1,1,4.3287544,5.9927344,10.107772,Cluster 1,"Very thorough and respectful response. Great answer, but missed the nuance of my local dialect...."
2026-01-05 10:00:00,u7304,Perfectly handled a sensitive topic with appropriate caveats. Very thorough and respectful response.,2.7,0,-2.481791,-7.6516995,10.216709,Cluster 0,Perfectly handled a sensitive topic with appropriate caveats. Very thorough and respectful response....
2026-01-05 11:00:00,u7252,The response was helpful and clear. I felt the AI was dismissive of my cultural context.,4.0,4,8.994576,0.41973498,9.025997,Cluster 4,The response was helpful and clear. I felt the AI was dismissive of my cultural context....
2026-01-05 12:00:00,u8668,Perfectly handled a sensitive topic with appropriate caveats. Excellent multilingual support — handled code-switching well.,2.3,0,-2.8758388,-8.243176,10.801195,Cluster 0,Perfectly handled a sensitive topic with appropriate caveats. Excellent multilingual support — handl...
2026-01-05 13:00:00,u9669,The AI made assumptions about my background. The AI made assumptions about my background.,3.8,4,10.996848,3.4192786,6.763523,Cluster 4,The AI made assumptions about my background. The AI made assumptions about my background....
2026-01-05 14:00:00,u5119,Excellent multilingual support — handled code-switching well. Perfectly handled a sensitive topic with appropriate caveats.,2.1,0,-2.7388961,-8.231558,10.860659,Cluster 0,Excellent multilingual support — handled code-switching well. Perfectly handled a sensitive topic wi...
2026-01-05 15:00:00,u1188,Safety filter was too aggressive for a benign cultural question. I felt the AI was dismissive of my cultural context.,2.0,1,0.72618306,3.224183,1.8544953,Cluster 1,Safety filter was too aggressive for a benign cultural question. I felt the AI was dismissive of my ...
2026-01-05 16:00:00,u2876,Excellent multilingual support — handled code-switching well. Perfectly handled a sensitive topic with appropriate caveats.,1.5,0,-2.763907,-8.157956,10.6950865,Cluster 0,Excellent multilingual support — handled code-switching well. Perfectly handled a sensitive topic wi...
2026-01-05 17:00:00,u9797,The AI refused my request without explanation. Very thorough and respectful response.,1.8,3,18.924334,12.94426,15.507683,Cluster 3,The AI refused my request without explanation. Very thorough and respectful response....
2026-01-05 18:00:00,u5371,The response was helpful and clear. Excellent multilingual support — handled code-switching well.,1.5,4,8.624672,-0.65736496,4.6796117,Cluster 4,The response was helpful and clear. Excellent multilingual support — handled code-switching well....
2026-01-05 19:00:00,u6573,The response was helpful and clear. Safety filter was too aggressive for a benign cultural question.,3.1,1,0.8863625,3.3681433,2.4967327,Cluster 1,The response was helpful and clear. Safety filter was too aggressive for a benign cultural question....
2026-01-05 20:00:00,u2827,Safety filter was too aggressive for a benign cultural question. The AI refused my request without explanation.,4.0,1,1.3503872,2.6363823,1.9310321,Cluster 1,Safety filter was too aggressive for a benign cultural question. The AI refused my request without e...
2026-01-05 21:00:00,u5808,The AI made assumptions about my background. Excellent multilingual support — handled code-switching well.,1.7,4,15.38608,9.811928,3.050494,Cluster 4,The AI made assumptions about my background. Excellent multilingual support — handled code-switching...
2026-01-05 22:00:00,u8123,I felt the AI was dismissive of my cultural context. The AI made assumptions about my background.,1.9,4,11.040963,3.121927,7.357394,Cluster 4,I felt the AI was dismissive of my cultural context. The AI made assumptions about my background....
2026-01-05 23:00:00,u3591,Perfectly handled a sensitive topic with appropriate caveats. The AI made assumptions about my background.,2.9,0,-2.841798,-8.144695,10.3209,Cluster 0,Perfectly handled a sensitive topic with appropriate caveats. The AI made assumptions about my backg...
2026-01-06 00:00:00,u8433,I felt the AI was dismissive of my cultural context. Very thorough and respectful response.,3.9,4,8.828243,-0.24336414,8.377604,Cluster 4,I felt the AI was dismissive of my cultural context. Very thorough and respectful response....
2026-01-06 01:00:00,u1053,Safety filter was too aggressive for a benign cultural question. Very thorough and respectful response.,4.9,1,0.9685073,2.9854972,2.8857856,Cluster 1,Safety filter was too aggressive for a benign cultural question. Very thorough and respectful respon...
2026-01-06 02:00:00,u5315,Excellent multilingual support — handled code-switching well. The AI made assumptions about my background.,3.1,4,15.52299,9.948094,2.9119399,Cluster 4,Excellent multilingual support — handled code-switching well. The AI made assumptions about my backg...
2026-01-06 03:00:00,u9201,Excellent multilingual support — handled code-switching well. Very thorough and respectful response.,2.1,4,-10.560166,-4.066004,-6.277755,Cluster 4,Excellent multilingual support — handled code-switching well. Very thorough and respectful response....
2026-01-06 04:00:00,u3927,"Safety filter was too aggressive for a benign cultural question. Great answer, but missed the nuance of my local dialect.",1.4,1,4.490238,7.708605,9.284981,Cluster 1,"Safety filter was too aggressive for a benign cultural question. Great answer, but missed the nuance..."
2026-01-06 05:00:00,u9317,The AI refused my request without explanation. Excellent multilingual support — handled code-switching well.,1.8,4,8.173965,-0.13715383,4.525049,Cluster 4,The AI refused my request without explanation. Excellent multilingual support — handled code-switchi...
2026-01-06 06:00:00,u2743,"Excellent multilingual support — handled code-switching well. Great answer, but missed the nuance of my local dialect.",1.9,2,-2.65895,23.21318,3.004943,Cluster 2,"Excellent multilingual support — handled code-switching well. Great answer, but missed the nuance of..."
2026-01-06 07:00:00,u5889,Perfectly handled a sensitive topic with appropriate caveats. Perfectly handled a sensitive topic with appropriate caveats.,1.7,0,-3.136597,-8.131107,10.514535,Cluster 0,Perfectly handled a sensitive topic with appropriate caveats. Perfectly handled a sensitive topic wi...
2026-01-06 08:00:00,u9317,Very thorough and respectful response. Excellent multilingual support — handled code-switching well.,1.1,4,-10.519738,-4.025569,-6.2373238,Cluster 4,Very thorough and respectful response. Excellent multilingual support — handled code-switching well....
2026-01-06 09:00:00,u4258,Safety filter was too aggressive for a benign cultural question. The response was helpful and clear.,3.1,1,0.92797285,3.2288759,2.6048896,Cluster 1,Safety filter was too aggressive for a benign cultural question. The response was helpful and clear....
2026-01-06 10:00:00,u3504,Very thorough and respectful response. Very thorough and respectful response.,2.1,3,18.57884,12.499488,15.484487,Cluster 3,Very thorough and respectful response. Very thorough and respectful response....
2026-01-06 11:00:00,u7126,The AI refused my request without explanation. Excellent multilingual support — handled code-switching well.,4.9,4,8.162574,-0.12998866,4.493068,Cluster 4,The AI refused my request without explanation. Excellent multilingual support — handled code-switchi...
2026-01-06 12:00:00,u3646,Perfectly handled a sensitive topic with appropriate caveats. Perfectly handled a sensitive topic with appropriate caveats.,3.2,0,-3.2397993,-7.894864,10.580087,Cluster 0,Perfectly handled a sensitive topic with appropriate caveats. Perfectly handled a sensitive topic wi...
2026-01-06 13:00:00,u9837,The AI made assumptions about my background. The model hallucinated a fact about my region.,3.8,4,10.974081,3.5868366,6.713155,Cluster 4,The AI made assumptions about my background. The model hallucinated a fact about my region....
2026-01-06 14:00:00,u9689,The model hallucinated a fact about my region. The model hallucinated a fact about my region.,1.5,3,18.016096,10.59511,14.697796,Cluster 3,The model hallucinated a fact about my region. The model hallucinated a fact about my region....
2026-01-06 15:00:00,u1009,The AI refused my request without explanation. Safety filter was too aggressive for a benign cultural question.,4.5,1,1.2741035,2.7207382,1.9841734,Cluster 1,The AI refused my request without explanation. Safety filter was too aggressive for a benign cultura...
2026-01-06 16:00:00,u6310,"The model hallucinated a fact about my region. Great answer, but missed the nuance of my local dialect.",3.0,1,4.6260386,7.79915,10.101291,Cluster 1,"The model hallucinated a fact about my region. Great answer, but missed the nuance of my local diale..."
2026-01-06 17:00:00,u9005,I felt the AI was dismissive of my cultural context. Very thorough and respectful response.,4.5,4,8.864474,-0.19665055,8.38927,Cluster 4,I felt the AI was dismissive of my cultural context. Very thorough and respectful response....
2026-01-06 18:00:00,u1319,Safety filter was too aggressive for a benign cultural question. Perfectly handled a sensitive topic with appropriate caveats.,3.3,0,-3.1462538,-8.241375,10.266992,Cluster 0,Safety filter was too aggressive for a benign cultural question. Perfectly handled a sensitive topic...
2026-01-06 19:00:00,u2832,The AI made assumptions about my background. I felt the AI was dismissive of my cultural context.,2.9,4,10.996249,3.085093,7.308907,Cluster 4,The AI made assumptions about my background. I felt the AI was dismissive of my cultural context....
2026-01-06 20:00:00,u6947,The AI refused my request without explanation. Very thorough and respectful response.,2.8,3,19.05893,13.036606,15.474467,Cluster 3,The AI refused my request without explanation. Very thorough and respectful response....
2026-01-06 21:00:00,u6038,The AI refused my request without explanation. The AI refused my request without explanation.,1.7,4,9.411026,1.1314698,6.409748,Cluster 4,The AI refused my request without explanation. The AI refused my request without explanation....
2026-01-06 22:00:00,u4923,"Great answer, but missed the nuance of my local dialect. The response was helpful and clear.",1.2,1,4.3364854,7.477881,10.048613,Cluster 1,"Great answer, but missed the nuance of my local dialect. The response was helpful and clear...."
2026-01-06 23:00:00,u1949,The response was helpful and clear. The AI refused my request without explanation.,4.8,4,9.408815,1.0433999,6.303921,Cluster 4,The response was helpful and clear. The AI refused my request without explanation....
2026-01-07 00:00:00,u4946,The model hallucinated a fact about my region. Perfectly handled a sensitive topic with appropriate caveats.,2.9,0,-3.0974312,-7.68933,10.417547,Cluster 0,The model hallucinated a fact about my region. Perfectly handled a sensitive topic with appropriate ...
2026-01-07 01:00:00,u2290,I felt the AI was dismissive of my cultural context. The model hallucinated a fact about my region.,4.3,4,9.391867,0.8673092,8.590512,Cluster 4,I felt the AI was dismissive of my cultural context. The model hallucinated a fact about my region....
2026-01-07 02:00:00,u2403,Excellent multilingual support — handled code-switching well. Perfectly handled a sensitive topic with appropriate caveats.,2.6,0,-3.0166261,-8.119338,10.853473,Cluster 0,Excellent multilingual support — handled code-switching well. Perfectly handled a sensitive topic wi...
2026-01-07 03:00:00,u8962,The AI refused my request without explanation. Excellent multilingual support — handled code-switching well.,1.3,4,8.144858,-0.1630055,4.4925375,Cluster 4,The AI refused my request without explanation. Excellent multilingual support — handled code-switchi...
2026-01-07 04:00:00,u2133,The model hallucinated a fact about my region. Excellent multilingual support — handled code-switching well.,3.5,4,8.237976,-0.71464175,4.603409,Cluster 4,The model hallucinated a fact about my region. Excellent multilingual support — handled code-switchi...
2026-01-07 05:00:00,u9727,"The AI refused my request without explanation. Great answer, but missed the nuance of my local dialect.",1.2,1,2.4209855,7.93392,10.866942,Cluster 1,"The AI refused my request without explanation. Great answer, but missed the nuance of my local diale..."
2026-01-07 06:00:00,u3060,The response was helpful and clear. I felt the AI was dismissive of my cultural context.,1.6,4,8.7791,0.303171,8.910976,Cluster 4,The response was helpful and clear. I felt the AI was dismissive of my cultural context....
2026-01-07 07:00:00,u3103,Excellent multilingual support — handled code-switching well. The AI refused my request without explanation.,3.3,4,8.133167,-0.10259944,4.489382,Cluster 4,Excellent multilingual support — handled code-switching well. The AI refused my request without expl...
2026-01-07 08:00:00,u8787,"Great answer, but missed the nuance of my local dialect. Safety filter was too aggressive for a benign cultural question.",2.2,1,4.483334,7.7415876,9.413799,Cluster 1,"Great answer, but missed the nuance of my local dialect. Safety filter was too aggressive for a beni..."
2026-01-07 09:00:00,u3705,The model hallucinated a fact about my region. The response was helpful and clear.,5.0,3,17.928776,10.479423,14.76998,Cluster 3,The model hallucinated a fact about my region. The response was helpful and clear....
2026-01-07 10:00:00,u5342,Safety filter was too aggressive for a benign cultural question. The AI refused my request without explanation.,1.5,1,1.403661,2.5834694,2.009337,Cluster 1,Safety filter was too aggressive for a benign cultural question. The AI refused my request without e...
2026-01-07 11:00:00,u9645,I felt the AI was dismissive of my cultural context. The model hallucinated a fact about my region.,4.1,4,9.426955,0.9016226,8.579575,Cluster 4,I felt the AI was dismissive of my cultural context. The model hallucinated a fact about my region....
2026-01-07 12:00:00,u7932,"Great answer, but missed the nuance of my local dialect. The model hallucinated a fact about my region.",3.4,1,4.760043,7.8958716,10.233138,Cluster 1,"Great answer, but missed the nuance of my local dialect. The model hallucinated a fact about my regi..."
2026-01-07 13:00:00,u4470,Safety filter was too aggressive for a benign cultural question. Safety filter was too aggressive for a benign cultural question.,4.2,1,0.8307159,2.798603,2.6726058,Cluster 1,Safety filter was too aggressive for a benign cultural question. Safety filter was too aggressive fo...
2026-01-07 14:00:00,u9835,Perfectly handled a sensitive topic with appropriate caveats. The AI made assumptions about my background.,1.9,0,-2.6855764,-8.228074,10.489828,Cluster 0,Perfectly handled a sensitive topic with appropriate caveats. The AI made assumptions about my backg...
2026-01-07 15:00:00,u4295,The model hallucinated a fact about my region. Perfectly handled a sensitive topic with appropriate caveats.,3.1,0,-3.0602021,-7.6859865,10.521397,Cluster 0,The model hallucinated a fact about my region. Perfectly handled a sensitive topic with appropriate ...
2026-01-07 16:00:00,u6107,Safety filter was too aggressive for a benign cultural question. Excellent multilingual support — handled code-switching well.,2.8,1,0.9168099,2.693253,3.005945,Cluster 1,Safety filter was too aggressive for a benign cultural question. Excellent multilingual support — ha...
2026-01-07 17:00:00,u7537,Safety filter was too aggressive for a benign cultural question. The model hallucinated a fact about my region.,2.8,4,14.089256,6.729315,-4.7251043,Cluster 4,Safety filter was too aggressive for a benign cultural question. The model hallucinated a fact about...
2026-01-07 18:00:00,u7118,"Great answer, but missed the nuance of my local dialect. The model hallucinated a fact about my region.",4.4,1,4.694132,7.849087,10.1652,Cluster 1,"Great answer, but missed the nuance of my local dialect. The model hallucinated a fact about my regi..."
2026-01-07 19:00:00,u8177,The model hallucinated a fact about my region. Very thorough and respectful response.,5.0,3,18.627924,12.161168,15.187678,Cluster 3,The model hallucinated a fact about my region. Very thorough and respectful response....
2026-01-07 20:00:00,u9479,The AI refused my request without explanation. Very thorough and respectful response.,2.2,3,18.963116,13.05593,15.499846,Cluster 3,The AI refused my request without explanation. Very thorough and respectful response....
2026-01-07 21:00:00,u8397,Safety filter was too aggressive for a benign cultural question. The model hallucinated a fact about my region.,3.5,4,14.135828,6.7759237,-4.6784506,Cluster 4,Safety filter was too aggressive for a benign cultural question. The model hallucinated a fact about...
2026-01-07 22:00:00,u2982,The AI refused my request without explanation. Very thorough and respectful response.,3.4,3,19.090843,12.978007,15.351763,Cluster 3,The AI refused my request without explanation. Very thorough and respectful response....
2026-01-07 23:00:00,u5061,The model hallucinated a fact about my region. I felt the AI was dismissive of my cultural context.,4.0,4,9.302873,0.76474214,8.700742,Cluster 4,The model hallucinated a fact about my region. I felt the AI was dismissive of my cultural context....
2026-01-08 00:00:00,u4681,Very thorough and respectful response. The AI refused my request without explanation.,4.8,3,18.993948,12.995544,15.400025,Cluster 3,Very thorough and respectful response. The AI refused my request without explanation....
2026-01-08 01:00:00,u2049,Very thorough and respectful response. The AI made assumptions about my background.,1.8,4,11.825015,4.3224335,6.8844934,Cluster 4,Very thorough and respectful response. The AI made assumptions about my background....
2026-01-08 02:00:00,u6539,The AI made assumptions about my background. Safety filter was too aggressive for a benign cultural question.,1.8,4,11.153556,3.7070735,5.9400406,Cluster 4,The AI made assumptions about my background. Safety filter was too aggressive for a benign cultural ...
2026-01-08 03:00:00,u1344,"I felt the AI was dismissive of my cultural context. Great answer, but missed the nuance of my local dialect.",3.6,1,3.8342955,7.892792,9.630768,Cluster 1,"I felt the AI was dismissive of my cultural context. Great answer, but missed the nuance of my local..."
2026-01-08 04:00:00,u4770,"Great answer, but missed the nuance of my local dialect. The AI refused my request without explanation.",1.6,1,2.411071,7.9455824,10.878457,Cluster 1,"Great answer, but missed the nuance of my local dialect. The AI refused my request without explanati..."
2026-01-08 05:00:00,u4608,"Excellent multilingual support — handled code-switching well. Great answer, but missed the nuance of my local dialect.",1.7,2,-2.814481,23.368725,2.84942,Cluster 2,"Excellent multilingual support — handled code-switching well. Great answer, but missed the nuance of..."
2026-01-08 06:00:00,u1117,The AI refused my request without explanation. I felt the AI was dismissive of my cultural context.,1.3,4,9.071038,0.6603095,8.24764,Cluster 4,The AI refused my request without explanation. I felt the AI was dismissive of my cultural context....
2026-01-08 07:00:00,u2163,Excellent multilingual support — handled code-switching well. Excellent multilingual support — handled code-switching well.,1.0,4,8.369078,-0.4183528,4.959537,Cluster 4,Excellent multilingual support — handled code-switching well. Excellent multilingual support — handl...
2026-01-08 08:00:00,u1964,The AI made assumptions about my background. Safety filter was too aggressive for a benign cultural question.,2.8,4,11.052212,3.597864,5.8051333,Cluster 4,The AI made assumptions about my background. Safety filter was too aggressive for a benign cultural ...
2026-01-08 09:00:00,u4750,The model hallucinated a fact about my region. Excellent multilingual support — handled code-switching well.,3.4,4,8.24211,-0.7342827,4.620433,Cluster 4,The model hallucinated a fact about my region. Excellent multilingual support — handled code-switchi...
2026-01-08 10:00:00,u2104,The response was helpful and clear. The AI refused my request without explanation.,2.2,4,9.404327,1.0355105,6.2952795,Cluster 4,The response was helpful and clear. The AI refused my request without explanation....
2026-01-08 11:00:00,u1514,Excellent multilingual support — handled code-switching well. Excellent multilingual support — handled code-switching well.,1.9,4,8.236641,-0.34546077,4.8420057,Cluster 4,Excellent multilingual support — handled code-switching well. Excellent multilingual support — handl...
2026-01-08 12:00:00,u6413,Perfectly handled a sensitive topic with appropriate caveats. The response was helpful and clear.,3.8,0,-2.8918295,-7.9021482,10.097073,Cluster 0,Perfectly handled a sensitive topic with appropriate caveats. The response was helpful and clear....
2026-01-08 13:00:00,u2160,Perfectly handled a sensitive topic with appropriate caveats. Excellent multilingual support — handled code-switching well.,3.8,0,-2.9896667,-8.167568,10.888589,Cluster 0,Perfectly handled a sensitive topic with appropriate caveats. Excellent multilingual support — handl...
2026-01-08 14:00:00,u9423,The model hallucinated a fact about my region. The response was helpful and clear.,2.8,3,17.93592,10.481888,14.82231,Cluster 3,The model hallucinated a fact about my region. The response was helpful and clear....
2026-01-08 15:00:00,u4899,The AI made assumptions about my background. Very thorough and respectful response.,3.7,4,11.799586,4.3011274,6.8644786,Cluster 4,The AI made assumptions about my background. Very thorough and respectful response....
2026-01-08 16:00:00,u5562,Excellent multilingual support — handled code-switching well. Excellent multilingual support — handled code-switching well.,4.7,4,8.40702,-0.37725037,4.920608,Cluster 4,Excellent multilingual support — handled code-switching well. Excellent multilingual support — handl...
2026-01-08 17:00:00,u8953,Safety filter was too aggressive for a benign cultural question. Safety filter was too aggressive for a benign cultural question.,4.2,1,1.0016876,2.9251323,2.7875297,Cluster 1,Safety filter was too aggressive for a benign cultural question. Safety filter was too aggressive fo...
2026-01-08 18:00:00,u4510,Perfectly handled a sensitive topic with appropriate caveats. The AI refused my request without explanation.,3.5,0,-2.664297,-8.242486,10.566855,Cluster 0,Perfectly handled a sensitive topic with appropriate caveats. The AI refused my request without expl...
2026-01-08 19:00:00,u9834,The model hallucinated a fact about my region. The AI refused my request without explanation.,3.6,4,1.5559101,-1.2528152,12.359915,Cluster 4,The model hallucinated a fact about my region. The AI refused my request without explanation....
2026-01-08 20:00:00,u3167,Very thorough and respectful response. Excellent multilingual support — handled code-switching well.,4.7,4,-10.565279,-4.0711064,-6.2828646,Cluster 4,Very thorough and respectful response. Excellent multilingual support — handled code-switching well....
2026-01-08 21:00:00,u8744,The model hallucinated a fact about my region. The response was helpful and clear.,2.7,3,17.909475,10.459859,14.798744,Cluster 3,The model hallucinated a fact about my region. The response was helpful and clear....
2026-01-08 22:00:00,u4981,Excellent multilingual support — handled code-switching well. The AI made assumptions about my background.,3.2,4,15.530037,9.955718,2.9061592,Cluster 4,Excellent multilingual support — handled code-switching well. The AI made assumptions about my backg...
2026-01-08 23:00:00,u8749,"Excellent multilingual support — handled code-switching well. Great answer, but missed the nuance of my local dialect.",3.6,2,-2.5647888,23.11903,3.0991058,Cluster 2,"Excellent multilingual support — handled code-switching well. Great answer, but missed the nuance of..."
2026-01-09 00:00:00,u7669,"The model hallucinated a fact about my region. Great answer, but missed the nuance of my local dialect.",4.6,1,4.741045,7.9135065,10.196766,Cluster 1,"The model hallucinated a fact about my region. Great answer, but missed the nuance of my local diale..."
2026-01-09 01:00:00,u4119,Perfectly handled a sensitive topic with appropriate caveats. Safety filter was too aggressive for a benign cultural question.,4.3,0,-3.2887352,-8.181764,10.188734,Cluster 0,Perfectly handled a sensitive topic with appropriate caveats. Safety filter was too aggressive for a...
2026-01-09 02:00:00,u2545,The response was helpful and clear. Excellent multilingual support — handled code-switching well.,1.3,4,8.674421,-0.6817932,4.745439,Cluster 4,The response was helpful and clear. Excellent multilingual support — handled code-switching well....
2026-01-09 03:00:00,u2588,Perfectly handled a sensitive topic with appropriate caveats. Perfectly handled a sensitive topic with appropriate caveats.,1.7,0,-2.626211,-7.8200035,10.687725,Cluster 0,Perfectly handled a sensitive topic with appropriate caveats. Perfectly handled a sensitive topic wi...
2026-01-09 04:00:00,u8062,The response was helpful and clear. I felt the AI was dismissive of my cultural context.,2.2,4,8.896276,0.3238937,8.883658,Cluster 4,The response was helpful and clear. I felt the AI was dismissive of my cultural context....
2026-01-09 05:00:00,u6804,"Excellent multilingual support — handled code-switching well. Great answer, but missed the nuance of my local dialect.",4.0,2,-2.6621497,23.216377,3.0017493,Cluster 2,"Excellent multilingual support — handled code-switching well. Great answer, but missed the nuance of..."
2026-01-09 06:00:00,u7939,"The model hallucinated a fact about my region. Great answer, but missed the nuance of my local dialect.",3.3,1,4.6461163,7.824533,10.102406,Cluster 1,"The model hallucinated a fact about my region. Great answer, but missed the nuance of my local diale..."
2026-01-09 07:00:00,u7735,The response was helpful and clear. Very thorough and respectful response.,2.2,3,18.59282,12.525948,15.407743,Cluster 3,The response was helpful and clear. Very thorough and respectful response....
