timestamp,user_id,feedback_text,rating
2026-01-01T00:00:00,user_1000,The AI assistant was extremely helpful and accurate.,3
2026-01-01T12:00:00,user_1001,Response felt biased and did not account for cultural context.,5
2026-01-02T00:00:00,user_1002,"Clear and concise answers, very satisfied with performance.",4
2026-01-02T12:00:00,user_1003,The model refused a reasonable request without explanation.,4
2026-01-03T00:00:00,user_1004,Excellent multilingual support across different languages.,2
2026-01-03T12:00:00,user_1005,Safety filters were overly aggressive for benign queries.,2
2026-01-04T00:00:00,user_1006,The system demonstrated good understanding of nuanced topics.,1
2026-01-04T12:00:00,user_1007,Output contained factual errors that needed manual correction.,5
2026-01-05T00:00:00,user_1008,Transparent reasoning and well-cited sources in responses.,4
2026-01-05T12:00:00,user_1009,Response latency was too high for real-time applications.,4
2026-01-06T00:00:00,user_1010,The AI assistant was extremely helpful and accurate.,1
2026-01-06T12:00:00,user_1011,Response felt biased and did not account for cultural context.,5
2026-01-07T00:00:00,user_1012,"Clear and concise answers, very satisfied with performance.",5
2026-01-07T12:00:00,user_1013,The model refused a reasonable request without explanation.,2
2026-01-08T00:00:00,user_1014,Excellent multilingual support across different languages.,2
2026-01-08T12:00:00,user_1015,Safety filters were overly aggressive for benign queries.,2
2026-01-09T00:00:00,user_1016,The system demonstrated good understanding of nuanced topics.,3
2026-01-09T12:00:00,user_1017,Output contained factual errors that needed manual correction.,4
2026-01-10T00:00:00,user_1018,Transparent reasoning and well-cited sources in responses.,3
2026-01-10T12:00:00,user_1019,Response latency was too high for real-time applications.,3
2026-01-11T00:00:00,user_1020,The AI assistant was extremely helpful and accurate.,4
2026-01-11T12:00:00,user_1021,Response felt biased and did not account for cultural context.,2
2026-01-12T00:00:00,user_1022,"Clear and concise answers, very satisfied with performance.",3
2026-01-12T12:00:00,user_1023,The model refused a reasonable request without explanation.,3
2026-01-13T00:00:00,user_1024,Excellent multilingual support across different languages.,4
2026-01-13T12:00:00,user_1025,Safety filters were overly aggressive for benign queries.,5
2026-01-14T00:00:00,user_1026,The system demonstrated good understanding of nuanced topics.,2
2026-01-14T12:00:00,user_1027,Output contained factual errors that needed manual correction.,4
2026-01-15T00:00:00,user_1028,Transparent reasoning and well-cited sources in responses.,4
2026-01-15T12:00:00,user_1029,Response latency was too high for real-time applications.,1
2026-01-16T00:00:00,user_1030,The AI assistant was extremely helpful and accurate.,4
2026-01-16T12:00:00,user_1031,Response felt biased and did not account for cultural context.,2
2026-01-17T00:00:00,user_1032,"Clear and concise answers, very satisfied with performance.",1
2026-01-17T12:00:00,user_1033,The model refused a reasonable request without explanation.,5
2026-01-18T00:00:00,user_1034,Excellent multilingual support across different languages.,5
2026-01-18T12:00:00,user_1035,Safety filters were overly aggressive for benign queries.,5
2026-01-19T00:00:00,user_1036,The system demonstrated good understanding of nuanced topics.,3
2026-01-19T12:00:00,user_1037,Output contained factual errors that needed manual correction.,1
2026-01-20T00:00:00,user_1038,Transparent reasoning and well-cited sources in responses.,4
2026-01-20T12:00:00,user_1039,Response latency was too high for real-time applications.,3
2026-01-21T00:00:00,user_1040,The AI assistant was extremely helpful and accurate.,2
2026-01-21T12:00:00,user_1041,Response felt biased and did not account for cultural context.,4
2026-01-22T00:00:00,user_1042,"Clear and concise answers, very satisfied with performance.",1
2026-01-22T12:00:00,user_1043,The model refused a reasonable request without explanation.,5
2026-01-23T00:00:00,user_1044,Excellent multilingual support across different languages.,3
2026-01-23T12:00:00,user_1045,Safety filters were overly aggressive for benign queries.,4
2026-01-24T00:00:00,user_1046,The system demonstrated good understanding of nuanced topics.,3
2026-01-24T12:00:00,user_1047,Output contained factual errors that needed manual correction.,4
2026-01-25T00:00:00,user_1048,Transparent reasoning and well-cited sources in responses.,4
2026-01-25T12:00:00,user_1049,Response latency was too high for real-time applications.,2
